id,listing_url,scrape_id,last_scraped,source,name,description,neighborhood_overview,picture_url,host_id,host_url,host_name,host_since,host_location,host_about,host_response_time,host_response_rate,host_acceptance_rate,host_is_superhost,host_thumbnail_url,host_picture_url,host_neighbourhood,host_listings_count,host_total_listings_count,host_verifications,host_has_profile_pic,host_identity_verified,neighbourhood,neighbourhood_cleansed,neighbourhood_group_cleansed,latitude,longitude,property_type,room_type,accommodates,bathrooms,bathrooms_text,bedrooms,beds,amenities,price,minimum_nights,maximum_nights,minimum_minimum_nights,maximum_minimum_nights,minimum_maximum_nights,maximum_maximum_nights,minimum_nights_avg_ntm,maximum_nights_avg_ntm,calendar_updated,has_availability,availability_30,availability_60,availability_90,availability_365,calendar_last_scraped,number_of_reviews,number_of_reviews_ltm,number_of_reviews_l30d,first_review,last_review,review_scores_rating,review_scores_accuracy,review_scores_cleanliness,review_scores_checkin,review_scores_communication,review_scores_location,review_scores_value,license,instant_bookable,calculated_host_listings_count,calculated_host_listings_count_entire_homes,calculated_host_listings_count_private_rooms,calculated_host_listings_count_shared_rooms,reviews_per_month
6624170,https://www.airbnb.com/rooms/6624170,20240905174946,2024-09-05,previous scrape,"Warm, cozy sunlighted downtown appt",2 room appt. 1.8 km from central station with nice sunny modern livingroom. Separate modern kitchen with all the equipment to cook.  Hall with separate toilet.  Bedroom with kingsize bed,,https://a0.muscache.com/pictures/df91da10-f7d4-4cf8-80b6-8add6047c989.jpg,34670170,https://www.airbnb.com/users/show/34670170,Jeroen,2015-05-31,"Amsterdam, Netherlands","Im a happy person living in my cozy apartment in Amsterdam.
I love reading, singing, listening to music, cooking and eating.",N/A,N/A,N/A,f,https://a0.muscache.com/im/users/34670170/profile_pic/1433258437/original.jpg?aki_policy=profile_small,https://a0.muscache.com/im/users/34670170/profile_pic/1433258437/original.jpg?aki_policy=profile_x_medium,Oostelijke Eilanden en Kadijken,1,2,"['email', 'phone']",t,t,,Centrum-Oost,,52.36842,4.92438,Entire rental unit,Entire home/apt,3,,1 bath,1,,"[""Dishes and silverware"", ""Smoke alarm"", ""Hangers"", ""Essentials"", ""Iron"", ""Washer"", ""Heating"", ""TV"", ""Coffee maker"", ""Hair dryer"", ""Paid parking off premises"", ""Cooking basics"", ""Refrigerator"", ""Shampoo"", ""Wifi"", ""Kitchen"", ""Dryer"", ""Hot water""]",,2,1125,2,2,1125,1125,2.0,1125.0,,t,0,0,0,0,2024-09-05,43,0,0,2015-06-07,2020-02-16,4.84,4.83,4.86,4.83,4.86,4.56,4.65,0363 3CF3 3233 3B24 6BEC,f,1,1,0,0,0.38
8837071,https://www.airbnb.com/rooms/8837071,20240905174946,2024-09-05,previous scrape,Cozy apartment in city center,"Located in Amsterdam's sweet spot. A stone's throw from the beautiful but busy canal area, Vondelpark and museum district.",see the guide,https://a0.muscache.com/pictures/5fee12d4-61d0-4c01-8e84-3c9c0d2d7542.jpg,13034277,https://www.airbnb.com/users/show/13034277,Theo,2014-03-11,"Chicago, IL","",N/A,N/A,N/A,f,https://a0.muscache.com/im/pictures/user/e569f0e8-cde2-4379-8a95-84f301447adf.jpg?aki_policy=profile_small,https://a0.muscache.com/im/pictures/user/e569f0e8-cde2-4379-8a95-84f301447adf.jpg?aki_policy=profile_x_medium,Oud-West,1,1,"['email', 'phone']",t,f,"Amsterdam, Noord-Holland, Netherlands",De Baarsjes - Oud-West,,52.36455,4.87712,Entire rental unit,Entire home/apt,2,,1 bath,1,,"[""Smoke alarm"", ""Essentials"", ""Iron"", ""Washer"", ""Heating"", ""First aid kit"", ""Kitchen"", ""Carbon monoxide alarm"", ""Shampoo"", ""Fire extinguisher"", ""TV with standard cable""]",,2,1125,2,2,1125,1125,2.0,1125.0,,,0,0,0,0,2024-09-05,0,0,0,,,,,,,,,,0363 0C20 1768 FAAA 3556,f,1,1,0,0,
716107,https://www.airbnb.com/rooms/716107,20240905174946,2024-09-05,previous scrape,Loft style home nearby city centre,,,https://a0.muscache.com/pictures/9927048/b367a3ea_original.jpg,3689867,https://www.airbnb.com/users/show/3689867,Marijke,2012-09-27,"Amsterdam, Netherlands",We are Marijke Vos and Lars van Overbeek. We are an open and friendly couple from Amsterdam. Marijke is a writer and Lars is an Art director for movies.,within an hour,100%,100%,f,https://a0.muscache.com/im/users/3689867/profile_pic/1348751507/original.jpg?aki_policy=profile_small,https://a0.muscache.com/im/users/3689867/profile_pic/1348751507/original.jpg?aki_policy=profile_x_medium,Oud-West,1,1,"['email', 'phone']",t,t,,De Baarsjes - Oud-West,,52.36462,4.86824,Entire rental unit,Entire home/apt,2,,1 bath,1,,"[""Smoke alarm"", ""Essentials"", ""Iron"", ""Host greets you"", ""Washer"", ""Heating"", ""Paid parking off premises"", ""Carbon monoxide alarm"", ""Wifi"", ""Kitchen""]",,3,1125,2,3,1125,1125,2.4,1125.0,,t,0,0,0,1,2024-09-05,172,8,4,2013-01-03,2024-09-02,4.71,4.82,4.64,4.78,4.83,4.66,4.61,0363 0014 1E57 F097 81A5,f,1,1,0,0,1.21
664538756986273255,https://www.airbnb.com/rooms/664538756986273255,20240905174946,2024-09-06,previous scrape,Geweldige duurzame eco woonark op unieke plek!,"This unique eco houseboat is located in the most sustainable residential area of Europe, Schoonschip. It's really fantastic living here! The house is ideal for a family with a child, so no more than 2 adults.<br />Wonderfully quiet, take a dip from your house, paddleboard and enjoy the sunset, but also close to the center of Amsterdam. Or go on an adventure on a bike in the hip Amsterdam Noord, it's all possible!<br />No smoking please.",,https://a0.muscache.com/pictures/miso/Hosting-664538756986273255/original/882170e8-eaab-44be-8ee8-991338328e1f.jpeg,7647768,https://www.airbnb.com/users/show/7647768,Marloes,2013-07-22,"Amsterdam, Netherlands","Creative, relaxed couple living together with our 4-year old in our fantastic houseboat! 
Like to travel on spec with our campervan.",N/A,N/A,N/A,f,https://a0.muscache.com/im/pictures/user/16ba6cbc-9b72-4781-bda5-e39fd806256a.jpg?aki_policy=profile_small,https://a0.muscache.com/im/pictures/user/16ba6cbc-9b72-4781-bda5-e39fd806256a.jpg?aki_policy=profile_x_medium,,1,4,"['email', 'phone']",t,t,,Oud-Noord,,52.39394,4.90587,Houseboat,Entire home/apt,3,,1 bath,2,,"[""Paid parking on premises"", ""Smoke alarm"", ""City skyline view"", ""Washer"", ""TV"", ""First aid kit"", ""Outdoor dining area"", ""River view"", ""Carbon monoxide alarm"", ""Wifi"", ""Fire extinguisher"", ""Kitchen""]",,3,21,3,3,21,21,3.0,21.0,,t,0,0,0,0,2024-09-06,1,0,0,2022-08-15,2022-08-15,5.0,5.0,5.0,5.0,5.0,5.0,5.0,0363 468D A0A1 6595 5E39,f,1,1,0,0,0.04
8191077,https://www.airbnb.com/rooms/8191077,20240905174946,2024-09-05,previous scrape,Old bar apartment,"This just renovated apartment for 6 persons is located in het centre of Amsterdam.And is situated at the ground floor.This means no unconfortable stairs!You can easily walk in 5 minutes to Rembrand square,and in 5 min to the famous Albert Cuyp market","Our apartment is situated in the centre of Amsterdam. It's next to the cosy Utrechtsestraat where lots of bars, reataurants and local shop owners are located and you can experience the real Amsterdam city life. Within a 7 minute walk you can also enjoy the daily famous Albeet Cuyp market where you can get typical Dutch treats, souvenirs and clothing.",https://a0.muscache.com/pictures/miso/Hosting-8191077/original/b5472dd3-def4-443f-8015-0df617bee401.jpeg,43205475,https://www.airbnb.com/users/show/43205475,Thomas,2015-09-02,,"Ik ben Thomas en ben 35 jaar oud en kom uit Amsterdam
 ",within a few hours,100%,86%,f,https://a0.muscache.com/im/pictures/user/959b5d00-ae12-4869-9e61-21d2c40e09de.jpg?aki_policy=profile_small,https://a0.muscache.com/im/pictures/user/959b5d00-ae12-4869-9e61-21d2c40e09de.jpg?aki_policy=profile_x_medium,,1,1,"['email', 'phone']",t,t,"Amsterdam, Noord-Holland, Netherlands",Centrum-Oost,,52.36047,4.90124,Room in boutique hotel,Private room,6,,1 bath,1,,"[""Smoke alarm"", ""Hangers"", ""Essentials"", ""Iron"", ""Heating"", ""Hair dryer"", ""Shampoo"", ""Wifi"", ""Fire extinguisher"", ""TV with standard cable""]",,1,1125,1,1,1125,1125,1.0,1125.0,,t,6,18,48,191,2024-09-05,251,53,2,2016-02-17,2024-08-20,4.61,4.65,4.56,4.86,4.79,4.83,4.45,Exempt,f,1,0,1,0,2.41
11113843,https://www.airbnb.com/rooms/11113843,20240905174946,2024-09-05,previous scrape,Cozy apartment at a great location!,"Cozy renovated apartment on the 3th floor, located in the Westerpark area, not far from the center. The neighborhood is very safe and relaxed. Westergasfabriek and the wonderful, hip shopping/drinking area on Haarlemmerdijk and Jordaan are close by.",,https://a0.muscache.com/pictures/8dcdb774-97a4-4cb6-96c2-d9c8a7e1e026.jpg,57732314,https://www.airbnb.com/users/show/57732314,Zohair,2016-02-07,"Amsterdam, Netherlands","School&Museum Teacher and mindfulness trainer living in Amsterdam and enjoying it to the fullest. Love the culture, people, music, arts, good food and this all with with great friends!

As a host I want your stay to be wonderful and so I will do my best to make your stay unforgettable by offering you a comfortabel and cozy place where you dont have to worry about anything and can focus on enjoying yourself in Amsterdam ;-)",N/A,N/A,78%,t,https://a0.muscache.com/im/pictures/user/f4c461ea-e46b-459d-83d3-9659c0821a96.jpg?aki_policy=profile_small,https://a0.muscache.com/im/pictures/user/f4c461ea-e46b-459d-83d3-9659c0821a96.jpg?aki_policy=profile_x_medium,Oud-West,1,1,"['email', 'phone']",t,t,,Westerpark,,52.38272,4.8731,Entire rental unit,Entire home/apt,2,,1.5 baths,1,,"[""Dishes and silverware"", ""Smoke alarm"", ""Hangers"", ""Essentials"", ""Host greets you"", ""Washer"", ""Heating"", ""Dedicated workspace"", ""Kitchen"", ""Coffee maker"", ""Paid parking off premises"", ""Microwave"", ""Refrigerator"", ""Shampoo"", ""Wifi"", ""TV with standard cable"", ""Hot water""]",,2,14,2,2,14,14,2.0,14.0,,t,0,0,0,0,2024-09-05,36,11,0,2016-03-30,2024-04-28,4.97,4.97,4.86,4.97,4.97,4.83,4.71,0363 0EC1 3BD9 1F01 3008,f,1,1,0,0,0.35
669935869297971816,https://www.airbnb.com/rooms/669935869297971816,20240905174946,2024-09-06,previous scrape,Unique houseboat in quiet Amsterdam water village,"This spacious, two-storey houseboat with large outdoor terrace is perfect for a more chilled Amsterdam visit. Enjoy all-day summer sun on the spacious private terrace or cozy up around the fireplace on a chilly winter evening. A full kitchen and spacious lounge will make your stay as comfortable and relaxed or as joyful and gezellig as you choose!<br /><br />Located in the NDSM area of Amsterdam Noord, a mere 5 minutes' bike ride from the ferry on the North side of the city.","Located in a peaceful water village, 5 minutes from the ferry which takes you to the city center",https://a0.muscache.com/pictures/miso/Hosting-669935869297971816/original/b91767d9-3830-47b5-90c6-6a531382bedc.jpeg,29218823,https://www.airbnb.com/users/show/29218823,Mark,2015-03-12,"Amsterdam, Netherlands","",N/A,N/A,100%,f,https://a0.muscache.com/im/pictures/user/User-29218823/original/4490e831-0cfd-4abf-9c42-aef26b55a075.jpeg?aki_policy=profile_small,https://a0.muscache.com/im/pictures/user/User-29218823/original/4490e831-0cfd-4abf-9c42-aef26b55a075.jpeg?aki_policy=profile_x_medium,,1,1,"['email', 'phone', 'work_email']",t,t,"Amsterdam, Noord-Holland, Netherlands",Oud-Noord,,52.401449175612115,4.902026130688473,Houseboat,Entire home/apt,2,,1 bath,1,,"[""Dishes and silverware"", ""Toaster"", ""Paid parking on premises"", ""Shower gel"", ""Garden view"", ""Free washer \u2013 In unit"", ""Smeg stainless steel oven"", ""Body soap"", ""Central heating"", ""Private backyard \u2013 Fully fenced"", ""Portable fans"", ""Private patio or balcony"", ""Coffee maker: drip coffee maker"", ""Cooking basics"", ""Carbon monoxide alarm"", ""BBQ grill"", ""Hot water"", ""Waterfront"", ""Smoke alarm"", ""Iron"", ""Drying rack for clothing"", ""Sonos sound system"", ""Cleaning products"", ""Smeg refrigerator"", ""Blender"", ""Clothing storage: closet"", ""Canal view"", ""Wine glasses"", ""Bathtub"", ""Extra pillows and blankets"", ""Luggage dropoff allowed"", ""Hair dryer"", ""Keypad"", ""Self check-in"", ""Wifi"", ""Indoor fireplace: pellet stove"", ""Dishwasher"", ""Hot water kettle"", ""Hangers"", ""Dining table"", ""Essentials"", ""55 inch HDTV with Chromecast"", ""Smeg stainless steel induction stove"", ""Freezer"", ""Outdoor dining area"", ""First aid kit"", ""Shampoo"", ""Fire extinguisher"", ""Private entrance"", ""Kitchen"", ""Bed linens"", ""Baking sheet""]",,3,28,3,3,28,28,3.0,28.0,,t,0,0,0,0,2024-09-06,9,0,0,2022-10-23,2023-06-17,4.89,5.0,4.33,5.0,5.0,4.44,4.56,0363 143A AD8E 9CCA 7B40,f,1,1,0,0,0.39
707639814211363003,https://www.airbnb.com/rooms/707639814211363003,20240905174946,2024-09-06,previous scrape,Luxurious Private Studio with own entrance,"This centrally located accommodation is within walking distance of Amsterdam Zuid Station and close to Amsterdam Rai. It concerns the lower level of a residential house with its own entrance (front door). Everything has been recently decorated and renovated, everything is new! The property features a double bed, compact workplace with fast and stable internet. There is also a kitchenette with a Nespresso machine and refrigerator.<br />The bathroom en-suite has a separate toilet and (massage) shower.",,https://a0.muscache.com/pictures/miso/Hosting-707639814211363003/original/6eaecab2-cd5b-42e3-b851-1945715954e8.jpeg,33029941,https://www.airbnb.com/users/show/33029941,Vera,2015-05-10,"Amsterdam, Netherlands","",N/A,N/A,N/A,f,https://a0.muscache.com/im/users/33029941/profile_pic/1431267730/original.jpg?aki_policy=profile_small,https://a0.muscache.com/im/users/33029941/profile_pic/1431267730/original.jpg?aki_policy=profile_x_medium,,1,1,['phone'],t,t,,Buitenveldert - Zuidas,,52.3244084,4.8707311,Entire condo,Entire home/apt,2,,1.5 baths,1,,"[""Standalone high chair - available upon request"", ""Dishes and silverware"", ""Shower gel"", ""Coffee"", ""Rituals body soap"", ""Central heating"", ""Portable fans"", ""Dedicated workspace"", ""Babysitter recommendations"", ""Carbon monoxide alarm"", ""Hotel mini bar zonder inhoud refrigerator"", ""Hot water"", ""Pocket wifi"", ""Smoke alarm"", ""Lockbox"", ""Iron"", ""Drying rack for clothing"", ""Cleaning products"", ""Radiant heating"", ""Clothing storage: closet"", ""Ethernet connection"", ""Mini fridge"", ""Crib - always at the listing"", ""Wine glasses"", ""Free parking on premises"", ""Single level home"", ""Extra pillows and blankets"", ""Coffee maker: Nespresso"", ""50 inch HDTV with Netflix, premium cable"", ""Paid street parking off premises"", ""Luggage dropoff allowed"", ""Hair dryer"", ""Baby monitor"", ""Bikes"", ""EV charger"", ""Self check-in"", ""Conditioner"", ""Hot water kettle"", ""Hangers"", ""Essentials"", ""Outdoor playground"", ""Books and reading material"", ""Free street parking"", ""Board games"", ""Long term stays allowed"", ""Laundromat nearby"", ""First aid kit"", ""Shampoo"", ""Wifi \u2013 9 Mbps"", ""Private entrance"", ""Kitchen"", ""Bed linens""]",,1,35,1,1,1125,1125,1.0,1125.0,,t,0,0,0,0,2024-09-06,3,0,0,2022-10-29,2022-11-13,5.0,5.0,5.0,5.0,5.0,4.67,5.0,0363 250F 91DC E1A6 248E,f,1,1,0,0,0.13
622354510554545290,https://www.airbnb.com/rooms/622354510554545290,20240905174946,2024-09-06,previous scrape,Appartement 80m2 with garden close to the Jordaan,We have a just renovated beautiful apartment in a nice neighbourhood close to the Jordaan and close to Erasmus Park. Restaurants and shops are around the corner but the neighbourhood feels quit and peaceful. <br /><br />We just renovated our apartment so everything is brand new. That’s why we are looking for people who will be using the apartment like it’s their own.,"It’s a friendly neighbourhood close to the Jordaan what is the heart of the centre of Amsterdam. On the other side we live in a green environment why is never feels like chaos. There are parks really close by where you can enjoy the more quit side of the city. Their are restaurants, bars and shops around the corner to enjoy a nice meal or drink",https://a0.muscache.com/pictures/3abd8795-e0a8-45c8-a4ba-cfc7d046820e.jpg,88264983,https://www.airbnb.com/users/show/88264983,Maarten,2016-08-06,"Amsterdam, Netherlands","",N/A,N/A,N/A,f,https://a0.muscache.com/im/pictures/user/eaf22690-fe44-4aa6-86b4-c3e90b1ceca7.jpg?aki_policy=profile_small,https://a0.muscache.com/im/pictures/user/eaf22690-fe44-4aa6-86b4-c3e90b1ceca7.jpg?aki_policy=profile_x_medium,,1,1,"['email', 'phone']",t,t,"Amsterdam, Noord-Holland, Netherlands",Bos en Lommer,,52.37502,4.86127,Entire condo,Entire home/apt,2,,1.5 baths,1,,"[""Dishes and silverware"", ""Toaster"", ""Outlet covers"", ""Free washer \u2013 In unit"", ""Barbecue utensils"", ""Private backyard \u2013 Fully fenced"", ""Central heating"", ""Dedicated workspace"", ""Outdoor furniture"", ""Cooking basics"", ""50 inch HDTV with Netflix"", ""Baby safety gates"", ""Carbon monoxide alarm"", ""BBQ grill"", ""Baby bath"", ""Hot water"", ""Stainless steel oven"", ""Smoke alarm"", ""Iron"", ""Drying rack for clothing"", ""Cleaning products"", ""Clothing storage: closet"", ""Ethernet connection"", ""Microwave"", ""Refrigerator"", ""Wine glasses"", ""Bathtub"", ""Coffee maker: Nespresso"", ""Children\u2019s books and toys for ages 0-2 years old"", ""Paid street parking off premises"", ""Free dryer \u2013 In unit"", ""Conditioner"", ""Wifi"", ""Standalone high chair"", ""Dishwasher"", ""Cleaning available during stay"", ""Hot water kettle"", ""Induction stove"", ""Hangers"", ""Dining table"", ""Essentials"", ""Children\u2019s dinnerware"", ""Outdoor dining area"", ""Freezer"", ""First aid kit"", ""Shampoo"", ""Fire extinguisher"", ""Private entrance"", ""Kitchen"", ""Bed linens"", ""Baking sheet""]",,7,1125,7,7,1125,1125,7.0,1125.0,,t,0,0,0,0,2024-09-06,2,0,0,2022-06-27,2022-09-16,5.0,5.0,5.0,5.0,5.0,5.0,5.0,0363 18F5 2491 3642 BD8B,f,1,1,0,0,0.07
939051866966772431,https://www.airbnb.com/rooms/939051866966772431,20240905174946,2024-09-06,previous scrape,Vondelpark appartement,This beautiful apartment is just around the corner of the Vondelpark in a very cozy local neighborhood with many restaurants and bars. You'll be at Leidseplein within 10 minutes by public transportation.,,https://a0.muscache.com/pictures/miso/Hosting-939051866966772431/original/412abe89-3b8c-4120-a855-9c4eca9d9ba2.jpeg,155245508,https://www.airbnb.com/users/show/155245508,Esther,2017-10-19,"Amsterdam, Netherlands","",N/A,N/A,100%,f,https://a0.muscache.com/im/pictures/user/e10fdcd6-91b9-4ea5-b588-1cc092bbf7c2.jpg?aki_policy=profile_small,https://a0.muscache.com/im/pictures/user/e10fdcd6-91b9-4ea5-b588-1cc092bbf7c2.jpg?aki_policy=profile_x_medium,,1,2,"['email', 'phone']",t,t,,Zuid,,52.35517,4.85532,Entire rental unit,Entire home/apt,2,,1 bath,1,,"[""Smoke alarm"", ""Host greets you"", ""Washer"", ""TV"", ""Carbon monoxide alarm"", ""Wifi"", ""Kitchen""]",,3,365,3,3,365,365,3.0,365.0,,t,0,0,0,0,2024-09-06,3,3,0,2023-11-09,2023-11-19,5.0,5.0,4.67,5.0,5.0,5.0,5.0,0363 F175 E5AF C9FB 6EA1,t,1,1,0,0,0.30
888038298563003925,https://www.airbnb.com/rooms/888038298563003925,20240905174946,2024-09-06,city scrape,Triple Room With City View,This tastefully decorated room has an elegant interior with vintage color accents. The modern walk-in shower has a rain shower head.,,https://a0.muscache.com/pictures/miso/Hosting-888038298563003925/original/68166143-dfbf-4406-9ee1-daa0bebc4bd3.jpeg,311321908,https://www.airbnb.com/users/show/311321908,Melrose Hotel,2019-11-22,,"",within an hour,100%,100%,f,https://a0.muscache.com/im/pictures/user/dd247f54-e797-4d95-adef-beef8e7dcb81.jpg?aki_policy=profile_small,https://a0.muscache.com/im/pictures/user/dd247f54-e797-4d95-adef-beef8e7dcb81.jpg?aki_policy=profile_x_medium,,9,9,"['email', 'phone']",t,t,,Centrum-West,,52.37011,4.87909,Room in hotel,Private room,3,1.0,1 bath,1,3,"[""Paid parking on premises"", ""Body soap"", ""Coffee maker"", ""Carbon monoxide alarm"", ""Pocket wifi"", ""Smoke alarm"", ""Extra pillows and blankets"", ""Safe"", ""Luggage dropoff allowed"", ""Hair dryer"", ""Elevator"", ""EV charger"", ""Wifi"", ""Cleaning available during stay"", ""Air conditioning"", ""Hangers"", ""Essentials"", ""Heating"", ""TV"", ""First aid kit"", ""Shampoo"", ""Fire extinguisher"", ""High chair"", ""Bed linens""]",$269.00,1,365,1,2,1000,1000,1.1,1000.0,,t,23,42,58,323,2024-09-06,8,1,0,2022-12-01,2023-12-01,4.75,5.0,4.88,4.75,4.5,4.88,4.75,Exempt,t,9,0,9,0,0.37
673567288203490948,https://www.airbnb.com/rooms/673567288203490948,20240905174946,2024-09-06,previous scrape,Licht & authentiek appartement dichtbij centrum,"This centrally located apartment is located in a nice and quiet street, within walking distance of the center. It is very suitable for a romantic getaway in Amsterdam for two. The interior is stylish and vintage. <br /><br />The apartment is completely in authentic style: the front and back rooms are separated by a stained glass sliding door. There are two balconies, front and back. <br /><br />The apartment is at 3-high, so it is always bright there.",,https://a0.muscache.com/pictures/miso/Hosting-673567288203490948/original/6d688d8b-76ed-456e-a367-663c6c651c76.jpeg,201021236,https://www.airbnb.com/users/show/201021236,Anne,2018-07-09,,"",N/A,N/A,N/A,f,https://a0.muscache.com/im/pictures/user/5681ae3c-df14-47ce-ac7b-84b5f909131d.jpg?aki_policy=profile_small,https://a0.muscache.com/im/pictures/user/5681ae3c-df14-47ce-ac7b-84b5f909131d.jpg?aki_policy=profile_x_medium,,1,1,"['email', 'phone']",t,t,,Westerpark,,52.37759,4.87503,Entire condo,Entire home/apt,2,,1 bath,1,,"[""Dishes and silverware"", ""Shower gel"", ""Body soap"", ""Dedicated workspace"", ""Coffee maker"", ""Cooking basics"", ""Hot water"", ""Cleaning products"", ""Refrigerator"", ""Host greets you"", ""Oven"", ""Conditioner"", ""Wifi"", ""Hot water kettle"", ""Hangers"", ""Dining table"", ""Essentials"", ""Heating"", ""Freezer"", ""Shampoo"", ""Kitchen""]",,3,3,3,3,3,3,3.0,3.0,,t,0,0,0,0,2024-09-06,0,0,0,,,,,,,,,,0363 4433 26F1 754E 782A,f,1,1,0,0,
7721564,https://www.airbnb.com/rooms/7721564,20240905174946,2024-09-05,previous scrape,Room nearby Leidseplein in a canalhouse,"Comfortable room in a canal house near the center in a quiet street. For one person or couples, the bed is only 140 x 200.  So not too wide. A shared bathroom with the owners and breakfast included.",,https://a0.muscache.com/pictures/d1758ca6-97bc-41ee-846c-97be7c602095.jpg,21185669,https://www.airbnb.com/users/show/21185669,Saira,2014-09-10,"Amsterdam, Netherlands","",N/A,N/A,N/A,f,https://a0.muscache.com/im/users/21185669/profile_pic/1410385269/original.jpg?aki_policy=profile_small,https://a0.muscache.com/im/users/21185669/profile_pic/1410385269/original.jpg?aki_policy=profile_x_medium,Oud-West,1,1,"['email', 'phone']",t,t,,De Baarsjes - Oud-West,,52.36611,4.87783,Private room in townhouse,Private room,2,,1 shared bath,1,,"[""Smoke alarm"", ""Breakfast"", ""Essentials"", ""Host greets you"", ""Heating"", ""First aid kit"", ""Hair dryer"", ""Carbon monoxide alarm"", ""Shampoo"", ""Wifi"", ""Hot water""]",,2,4,2,2,4,4,2.0,4.0,,,0,0,0,0,2024-09-05,15,0,0,2016-03-22,2018-08-12,4.87,4.87,4.87,5.0,4.87,5.0,4.73,0363991aace2d3e713cc,f,1,0,1,0,0.15
51559516,https://www.airbnb.com/rooms/51559516,20240905174946,2024-09-06,previous scrape,Full appartment next to the center of Amsterdam,You'll have a great time at this comfortable place to stay.,,https://a0.muscache.com/pictures/257ce7ea-cfa2-4f08-b03c-3586f5021c63.jpg,87960462,https://www.airbnb.com/users/show/87960462,Dirk,2016-08-04,"Amsterdam, Netherlands","From the Netherlands, speaks both Dutch and English, beginners understanding of Spanish.

Like to travel around and meet different people ",N/A,N/A,N/A,f,https://a0.muscache.com/im/pictures/user/48645a55-29c3-491e-b6e5-880f2925b887.jpg?aki_policy=profile_small,https://a0.muscache.com/im/pictures/user/48645a55-29c3-491e-b6e5-880f2925b887.jpg?aki_policy=profile_x_medium,,1,1,"['email', 'phone']",t,f,,De Baarsjes - Oud-West,,52.36684,4.85501,Entire condo,Entire home/apt,2,,1 bath,1,,"[""Air conditioning"", ""Smoke alarm"", ""Lockbox"", ""Washer"", ""TV"", ""Self check-in"", ""Wifi"", ""Kitchen""]",,1,7,1,1,7,7,1.0,7.0,,t,0,0,0,0,2024-09-06,5,0,0,2022-06-12,2022-09-13,4.0,4.8,3.8,4.8,4.2,4.8,4.0,0363 E234 C025 62EB E2EE,f,1,1,0,0,0.18
1196253972962550164,https://www.airbnb.com/rooms/1196253972962550164,20240905174946,2024-09-06,previous scrape,Light and cosy apartment,Lovely pleasant area of Westerpark. Quiet and light artsy apartment close to the city centre,,https://a0.muscache.com/pictures/hosting/Hosting-1196253972962550164/original/3711f513-b1a3-4470-9c92-4c84b2650eca.jpeg,588312621,https://www.airbnb.com/users/show/588312621,Joanna,2024-07-08,,"",N/A,N/A,N/A,f,https://a0.muscache.com/defaults/user_pic-50x50.png?v=3,https://a0.muscache.com/defaults/user_pic-225x225.png?v=3,,1,1,['phone'],f,t,,Westerpark,,52.383045193512295,4.873240330880894,Entire rental unit,Entire home/apt,2,,1 bath,1,,"[""Smoke alarm"", ""Washer"", ""TV"", ""Wifi"", ""Kitchen""]",,21,28,21,21,28,28,21.0,28.0,,t,0,0,0,0,2024-09-06,0,0,0,,,,,,,,,,0363 6AFF 7084 E673 0781,f,1,1,0,0,
691797480164743915,https://www.airbnb.com/rooms/691797480164743915,20240905174946,2024-09-06,previous scrape,Nice apartment super close to Erasmuspark,"My apartment is in a nice aera of Amsterdam in West. Close to some nice restaurants and bars, close to Erasmuspark and not far from the beautiful Westerpark. <br />By bike anything in close in Amsterdam and the bus and tram are also only a 2min walk away :) <br /><br />The apartment has a small bathroom and small bedroom but makes up for it by a big living room / kitchen are and a long balcony. <br /><br />Looking forward to hosting you :)",,https://a0.muscache.com/pictures/hosting/Hosting-691797480164743915/original/41f22c8a-55de-4c2b-9c1b-8412ad43fea5.jpeg,34088029,https://www.airbnb.com/users/show/34088029,Aline,2015-05-24,"Amsterdam, Netherlands","",within an hour,100%,100%,f,https://a0.muscache.com/im/users/34088029/profile_pic/1432460186/original.jpg?aki_policy=profile_small,https://a0.muscache.com/im/users/34088029/profile_pic/1432460186/original.jpg?aki_policy=profile_x_medium,,1,1,"['email', 'phone']",t,t,,Bos en Lommer,,52.37759,4.85827,Entire condo,Entire home/apt,2,,1 bath,1,,"[""Dishes and silverware"", ""Toaster"", ""Shower gel"", ""Body soap"", ""Central heating"", ""Portable fans"", ""Dedicated workspace"", ""Cooking basics"", ""Hot water"", ""Smoke alarm"", ""Stove"", ""Iron"", ""Drying rack for clothing"", ""Cleaning products"", ""Blender"", ""Refrigerator"", ""Hair dryer"", ""Conditioner"", ""Wifi"", ""Single oven"", ""Hot water kettle"", ""Dining table"", ""Essentials"", ""Shampoo"", ""Fire extinguisher"", ""Kitchen"", ""Bed linens""]",,2,30,2,2,1125,1125,2.0,1125.0,,t,0,0,0,0,2024-09-06,6,1,0,2023-03-05,2024-04-04,5.0,5.0,5.0,5.0,5.0,5.0,5.0,0363 6413 EF3B 9BDB BDF8,f,1,1,0,0,0.33
36615250,https://www.airbnb.com/rooms/36615250,20240905174946,2024-09-06,previous scrape,Renovated apartment & Roof terrace in Center East,This is a great place for your stay in Amsterdam! It's located in a vibrant but quiet street very close to the city centre.<br /><br />A calm street in Amsterdam-Centrum known for its local and small-scale shops with quality food. <br /><br />Biking or Public Transport to the city centre takes 10-15 min.<br /><br />There is great public transport in immediate visinity of the apartment with trams 7 & 26,,https://a0.muscache.com/pictures/8b024240-f548-4ab3-b09f-5887d1b05774.jpg,130374802,https://www.airbnb.com/users/show/130374802,Oliver,2017-05-15,"Espoo, Finland",Swedish speaking Finnish guy living in Amsterdam! ,N/A,N/A,N/A,f,https://a0.muscache.com/im/pictures/user/ed151463-f383-4e8d-a5ce-97cdeba1ab1f.jpg?aki_policy=profile_small,https://a0.muscache.com/im/pictures/user/ed151463-f383-4e8d-a5ce-97cdeba1ab1f.jpg?aki_policy=profile_x_medium,Oostelijke Eilanden en Kadijken,1,1,"['email', 'phone']",t,t,,Centrum-Oost,,52.36864,4.93021,Entire rental unit,Entire home/apt,4,,1 bath,2,,"[""Dishes and silverware"", ""Smoke alarm"", ""Hangers"", ""Essentials"", ""Washer"", ""Heating"", ""TV"", ""Coffee maker"", ""Patio or balcony"", ""Cooking basics"", ""Carbon monoxide alarm"", ""Shampoo"", ""Wifi"", ""Fire extinguisher"", ""Kitchen"", ""Dryer"", ""Hot water""]",,2,1125,2,2,1125,1125,2.0,1125.0,,t,0,0,0,0,2024-09-06,12,0,0,2019-07-15,2021-08-04,4.33,4.58,3.75,4.5,4.83,4.83,4.25,0363A13D90B1030BFE63,f,1,1,0,0,0.19
36619516,https://www.airbnb.com/rooms/36619516,20240905174946,2024-09-06,previous scrape,Apartment with private rootfop terrace,"Nice apartment with private rooftop located in a nice street in the Eastern district close to the Oosterpark, the Dapper Market and the Artis Zoo. Its a nice upcoming area with a lot of shops, restaurants, bars, Park, outdoor swimming pool, Zoo and more... The city is 10 min with the bike and the nearby station Muiderpoort ( 1 minute walk to Muiderpoort station) brings you in 5 min to the Central station. Also there is the possibility to take difference trams and busses",Every day there is always fun in the street and in the neighborhood. Javastraat is one of the most popular street for shopping or to go out for dinner or have a drink,https://a0.muscache.com/pictures/0af507c3-4c01-426f-86aa-befb40675632.jpg,273576899,https://www.airbnb.com/users/show/273576899,Tamara,2019-07-04,"Amsterdam, Netherlands","",N/A,N/A,N/A,f,https://a0.muscache.com/im/pictures/user/f2222484-a530-44d6-82d8-e0bef6de7aeb.jpg?aki_policy=profile_small,https://a0.muscache.com/im/pictures/user/f2222484-a530-44d6-82d8-e0bef6de7aeb.jpg?aki_policy=profile_x_medium,Indische Buurt,1,1,"['email', 'phone']",t,f,"Amsterdam, Noord-Holland, Netherlands",Oud-Oost,,52.3622,4.93156,Entire rental unit,Entire home/apt,3,,1.5 baths,1,,"[""Dishes and silverware"", ""Shower gel"", ""Coffee"", ""Body soap"", ""Washer"", ""Rice maker"", ""Outdoor furniture"", ""Patio or balcony"", ""Cooking basics"", ""First aid kit"", ""Hot water"", ""Smoke alarm"", ""Stove"", ""Iron"", ""Cleaning products"", ""Blender"", ""Microwave"", ""Refrigerator"", ""Wine glasses"", ""Extra pillows and blankets"", ""Host greets you"", ""Paid street parking off premises"", ""Oven"", ""Hair dryer"", ""Conditioner"", ""Clothing storage: dresser"", ""Wifi"", ""Dishwasher"", ""Hot water kettle"", ""Hangers"", ""Dining table"", ""Essentials"", ""Breakfast"", ""City skyline view"", ""Heating"", ""TV"", ""Outdoor dining area"", ""Freezer"", ""Room-darkening shades"", ""Shampoo"", ""Private entrance"", ""Kitchen"", ""Bed linens"", ""Baking sheet""]",,1,10,1,1,1125,1125,1.0,1125.0,,,0,0,0,0,2024-09-06,15,0,0,2019-09-22,2021-08-19,4.93,4.73,5.0,5.0,4.93,4.67,4.73,0363 CCE7 9A4C 0833 AF97,f,1,1,0,0,0.25
41151206,https://www.airbnb.com/rooms/41151206,20240905174946,2024-09-06,previous scrape,Bright stylish home in city centre - 160m2,"The apartment consists of three levels.  Your enter through a charming private hallway. The ground floor has two spacious bedrooms, a babyroom, a bathroom and a seperate toilet. The living room, kitchen and balcony are on the first floor, which also has a toilet. The basement includes a bathroom with a shower and toilet and good washing and drying machine .","This spacious and luxurious apartment is located in the Museum Quarter in the heart of Amsterdam. Rijksmuseum can be reached from a walking distance (300m).  The Pijp, a vibrant area full of restaurants, bars and boutique shops, is around the corner. Last but not least, the Vondelpark is 600m from our house. This is a great spot for a run or walk.",https://a0.muscache.com/pictures/160310a1-c13f-4ce1-afd9-a0f5fad5fe7b.jpg,13960281,https://www.airbnb.com/users/show/13960281,Erica,2014-04-06,"Amsterdam, Netherlands","",within a few hours,100%,100%,f,https://a0.muscache.com/im/users/13960281/profile_pic/1396806791/original.jpg?aki_policy=profile_small,https://a0.muscache.com/im/users/13960281/profile_pic/1396806791/original.jpg?aki_policy=profile_x_medium,Museumkwartier,1,1,"['email', 'phone']",t,t,"Amsterdam, Noord-Holland, Netherlands",Zuid,,52.35574,4.88467,Entire rental unit,Entire home/apt,3,,2.5 baths,3,,"[""Dishes and silverware"", ""Toaster"", ""Outlet covers"", ""Coffee"", ""Dedicated workspace"", ""Private patio or balcony"", ""Kitchen"", ""Coffee maker"", ""Outdoor furniture"", ""Cooking basics"", ""Carbon monoxide alarm"", ""BBQ grill"", ""Changing table"", ""Baby bath"", ""Hot water"", ""Children\u2019s books and toys for ages 0-2 years old and 2-5 years old"", ""Stove"", ""Iron"", ""Cleaning products"", ""Microwave"", ""Refrigerator"", ""Crib"", ""Wine glasses"", ""Bathtub"", ""Oven"", ""Hair dryer"", ""Baby monitor"", ""Indoor fireplace"", ""Wifi"", ""Dryer"", ""Dishwasher"", ""Hangers"", ""Dining table"", ""Essentials"", ""Heating"", ""TV"", ""Children\u2019s dinnerware"", ""Outdoor dining area"", ""Freezer"", ""Laundromat nearby"", ""Fire extinguisher"", ""Private entrance"", ""High chair"", ""Baking sheet""]",,3,1125,2,2,1125,1125,2.0,1125.0,,t,0,0,0,0,2024-09-06,16,3,2,2020-02-10,2024-08-11,5.0,5.0,4.81,5.0,4.94,5.0,4.88,0363 9EE4 9770 52C3 8DF8,f,1,1,0,0,0.29
53127475,https://www.airbnb.com/rooms/53127475,20240905174946,2024-09-06,previous scrape,Mooi appartement vlakbij het centrum van Amsterdam,"This apartment is located against the Jordaan, the city center and the Westerpark. Everything is in walking distance. It is located just outside of the city center so it is easily accessible by car, taxi or public transport. There are plenty of shops, restaurants, parks and nightlife nearby. It really is a prime location!",,https://a0.muscache.com/pictures/miso/Hosting-53127475/original/c6a1e1e3-4dc8-4da3-b63f-22faba4ac08d.jpeg,6606794,https://www.airbnb.com/users/show/6606794,Bart,2013-05-27,"Amsterdam, Netherlands","Mijn naam is Bart. Ik woon in Amsterdam. Ik hou van reizen, surfen en eten :- )… Ik heb een bedrijf die stages en shows maakt voor grote (Dance) Events. Carpe Diem! ",N/A,N/A,N/A,f,https://a0.muscache.com/im/pictures/user/ed101aeb-1b73-4c31-b8d5-ed9eb697a8ee.jpg?aki_policy=profile_small,https://a0.muscache.com/im/pictures/user/ed101aeb-1b73-4c31-b8d5-ed9eb697a8ee.jpg?aki_policy=profile_x_medium,,1,1,"['email', 'phone']",t,t,,Westerpark,,52.38888,4.88021,Entire condo,Entire home/apt,2,,1 bath,1,,"[""Dishes and silverware"", ""Bidet"", ""Paid parking on premises"", ""Shower gel"", ""Coffee"", ""Central heating"", ""Washer"", ""Portable fans"", ""Outdoor furniture"", ""Dove body soap"", ""Cooking basics"", ""Carbon monoxide alarm"", ""Hot water"", ""Stainless steel oven"", ""Waterfront"", ""Smoke alarm"", ""Lockbox"", ""Drying rack for clothing"", ""Cleaning products"", ""Clothing storage: closet"", ""Ethernet connection"", ""Mini fridge"", ""Microwave"", ""Refrigerator"", ""Wine glasses"", ""Lake access"", ""Extra pillows and blankets"", ""Coffee maker: Nespresso"", ""Andrelon shampoo"", ""Paid street parking off premises"", ""Luggage dropoff allowed"", ""Game console: PS4"", ""Free dryer \u2013 In unit"", ""Hair dryer"", ""Self check-in"", ""Wifi"", ""Dishwasher"", ""Hangers"", ""Dining table"", ""Essentials"", ""City skyline view"", ""Andrelon conditioner"", ""TV"", ""Outdoor dining area"", ""Freezer"", ""Room-darkening shades"", ""Argon Bluetooth sound system"", ""Private entrance"", ""Kitchen"", ""Bed linens""]",,3,14,3,3,14,14,3.0,14.0,,t,0,0,0,0,2024-09-06,19,0,0,2021-11-23,2023-07-13,4.89,4.89,4.84,4.84,4.89,4.74,4.79,0363 7D55 6CDC 799D 50A1,f,1,1,0,0,0.56
36781797,https://www.airbnb.com/rooms/36781797,20240905174946,2024-09-06,previous scrape,"Bright, book-filled apartment with sunny rooftop!","My cozy apartment is located in the heart of the hip and laidback neighbourhood of De Baarsjes. Lots of bars, restaurants and cafes are in walking (or cycling!) distance. The apartment is bright, spacious and has a large, sun-filled terrace with furniture for lounging (and a hammock!). All amenities are available with a large kitchen, a bathroom (with rain shower) and a comfy couch. I hope you'll enjoy the place as much as I do!",,https://a0.muscache.com/pictures/7587a47a-4532-4687-82a5-a54ac8de98ed.jpg,31632922,https://www.airbnb.com/users/show/31632922,Tommi,2015-04-21,Netherlands,"",N/A,N/A,N/A,f,https://a0.muscache.com/im/pictures/user/03d7830e-773b-4bce-8307-0721703bebed.jpg?aki_policy=profile_small,https://a0.muscache.com/im/pictures/user/03d7830e-773b-4bce-8307-0721703bebed.jpg?aki_policy=profile_x_medium,Oud-West,1,1,"['email', 'phone']",t,f,,De Baarsjes - Oud-West,,52.37277,4.85222,Entire rental unit,Entire home/apt,1,,1 bath,1,,"[""Hangers"", ""Essentials"", ""Iron"", ""Washer"", ""Heating"", ""First aid kit"", ""Shampoo"", ""Wifi"", ""Fire extinguisher"", ""Kitchen""]",,1,1125,1,1,1125,1125,1.0,1125.0,,,0,0,0,0,2024-09-06,7,0,0,2019-07-24,2019-08-26,5.0,5.0,5.0,5.0,5.0,5.0,4.86,0363 AF5E A7A5 6F3C CC94,f,1,1,0,0,0.11
50604053,https://www.airbnb.com/rooms/50604053,20240905174946,2024-09-06,previous scrape,Lovely 3-bedroom family apartment in Amsterdam.,Your family will be close to everything when you stay at this centrally-located place.,,https://a0.muscache.com/pictures/miso/Hosting-50604053/original/74f6641e-343f-497a-ba66-07d5da37ac0e.jpeg,408866033,https://www.airbnb.com/users/show/408866033,Ali,2021-06-24,,"",N/A,N/A,N/A,f,https://a0.muscache.com/im/pictures/user/6e1cfbc1-0429-49b3-ac50-a822b92c1487.jpg?aki_policy=profile_small,https://a0.muscache.com/im/pictures/user/6e1cfbc1-0429-49b3-ac50-a822b92c1487.jpg?aki_policy=profile_x_medium,,1,1,"['email', 'phone']",t,t,,De Baarsjes - Oud-West,,52.36124,4.86457,Entire rental unit,Entire home/apt,4,,1 bath,3,,"[""Dishes and silverware"", ""Paid parking on premises"", ""Children\u2019s books and toys for ages 2-5 years old"", ""Record player"", ""Central heating"", ""Washer"", ""Dedicated workspace"", ""Pets allowed"", ""Kitchen"", ""Cooking basics"", ""Carbon monoxide alarm"", ""Hot water"", ""Smoke alarm"", ""Iron"", ""Cleaning products"", ""Radiant heating"", ""Bathtub"", ""Extra pillows and blankets"", ""Game console: PS4"", ""Free dryer \u2013 In unit"", ""Wifi"", ""Hangers"", ""Essentials"", ""Clothing storage: closet and dresser"", ""TV"", ""Room-darkening shades"", ""High chair"", ""Bed linens""]",,2,42,2,2,1125,1125,2.0,1125.0,,t,0,0,0,0,2024-09-06,1,0,0,2021-08-07,2021-08-07,5.0,5.0,5.0,5.0,5.0,5.0,5.0,0363 9F38 C4AC 9B52 069E,f,1,1,0,0,0.03
42510929,https://www.airbnb.com/rooms/42510929,20240905174946,2024-09-06,previous scrape,Cosy and light bedroom in Amsterdam West,"The bedroom (10m2) with a double bed (1,40m wide) and chromecast is situated in a quiet neigbourhood, with bars, restaurants, the best coffee spots and just a 3 minutes walk from Westerpark. We share a fully equipped kitchen, a tiny but comfortable bathroom and a sunny balcony.",,https://a0.muscache.com/pictures/miso/Hosting-42510929/original/5268b38c-fb93-4f3b-9816-893692feb334.jpeg,24903540,https://www.airbnb.com/users/show/24903540,Ambra & Tarik,2014-12-16,"Amsterdam, Netherlands","Hi! We are Tarik and Ambra, we are renting out our second bedroom in our Amsterdam apartment. we live in bos and Lommer, which is close to the city center. You can reach the city center within 10 min by bike. 

Tarik is speaking fluently Arabic, French, English and can understand Spanish.

Ambra is speaking Fluently Dutch, English and can understand Italian.

We like to meet new people, tell them our favorite spots in Amsterdam. Feel free to ask us anything, or nothing at all, we are also cool with that :) ",within an hour,100%,96%,t,https://a0.muscache.com/im/pictures/user/5944efc1-d0ac-41ae-9915-cc9db62b1156.jpg?aki_policy=profile_small,https://a0.muscache.com/im/pictures/user/5944efc1-d0ac-41ae-9915-cc9db62b1156.jpg?aki_policy=profile_x_medium,,1,1,"['email', 'phone']",t,t,,Bos en Lommer,,52.3815,4.85271,Private room in rental unit,Private room,2,,1 shared bath,,,"[""Dishes and silverware"", ""Shower gel"", ""Garden view"", ""Free washer \u2013 In unit"", ""Coffee"", ""Body soap"", ""Central heating"", ""Portable fans"", ""Coffee maker"", ""Outdoor furniture"", ""Cooking basics"", ""First aid kit"", ""Google Chromecast  Bluetooth sound system"", ""Hot water"", ""AEG stainless steel gas stove"", ""Smoke alarm"", ""Lockbox"", ""Iron"", ""Drying rack for clothing"", ""Cleaning products"", ""Shared patio or balcony"", ""Blender"", ""Microwave"", ""Refrigerator"", ""Wine glasses"", ""Lock on bedroom door"", ""Extra pillows and blankets"", ""Host greets you"", ""Paid street parking off premises"", ""Oven"", ""Hair dryer"", ""Self check-in"", ""Conditioner"", ""Clothing storage: dresser"", ""Wifi"", ""Dishwasher"", ""Hot water kettle"", ""Hangers"", ""Dining table"", ""Essentials"", ""Books and reading material"", ""Freezer"", ""Laundromat nearby"", ""Room-darkening shades"", ""Shampoo"", ""Fire extinguisher"", ""Kitchen"", ""Bed linens"", ""Baking sheet""]",,2,4,2,2,1125,1125,2.0,1125.0,,t,0,0,0,0,2024-09-06,133,32,1,2021-07-09,2024-08-10,4.93,4.98,4.99,4.99,5.0,4.85,4.89,0363 1B2A 1C0D 7D2C 229C,t,1,0,1,0,3.45
37231449,https://www.airbnb.com/rooms/37231449,20240905174946,2024-09-06,previous scrape,Cozy apartment in the heart of the Jordaan,Cozy one bedroom apartment in De Jordaan,"De Jordaan is one of the upscale locations in the Amsterdam. It is home to many art galleries, particularly for modern art, and is also dotted with speciality shops and restaurants. <br /><br />Markets are a must! Don't miss the Noordermarkt, the Westerstraat and Lindengracht.",https://a0.muscache.com/pictures/c5b51f49-b847-43f5-9e3b-f9d321a09775.jpg,22204012,https://www.airbnb.com/users/show/22204012,Sofia,2014-10-06,"Amsterdam, Netherlands","",N/A,N/A,N/A,f,https://a0.muscache.com/im/pictures/user/f25ed64a-a3f8-4cc8-a2e9-6a944beda76c.jpg?aki_policy=profile_small,https://a0.muscache.com/im/pictures/user/f25ed64a-a3f8-4cc8-a2e9-6a944beda76c.jpg?aki_policy=profile_x_medium,Jordaan,1,1,"['email', 'phone']",t,t,"Amsterdam, Noord-Holland, Netherlands",Centrum-West,,52.37498,4.8765,Entire rental unit,Entire home/apt,2,,1 bath,1,,"[""Dishes and silverware"", ""Shower gel"", ""Coffee"", ""Body soap"", ""Central heating"", ""Washer"", ""Cooking basics"", ""Hot water"", ""Waterfront"", ""Smoke alarm"", ""Stove"", ""Drying rack for clothing"", ""Cleaning products"", ""Mini fridge"", ""Microwave"", ""Refrigerator"", ""Canal view"", ""Paid street parking off premises"", ""Oven"", ""Hair dryer"", ""Wifi"", ""Cleaning available during stay"", ""Mosquito net"", ""Dishwasher"", ""Hot water kettle"", ""Dining table"", ""Essentials"", ""City skyline view"", ""TV"", ""Freezer"", ""Laundromat nearby"", ""Room-darkening shades"", ""Shampoo"", ""Kitchen"", ""Bed linens""]",,3,1125,3,3,1125,1125,3.0,1125.0,,t,0,0,0,0,2024-09-06,12,0,0,2022-04-17,2023-02-02,5.0,4.92,4.92,4.92,5.0,4.92,4.92,0363742354550F1B893E,f,1,1,0,0,0.41
50749565,https://www.airbnb.com/rooms/50749565,20240905174946,2024-09-06,previous scrape,Lovely apartment in beautiful part of Amsterdam,"The apartment has 2 bedrooms: the first with 2p bed and the other has a floor matras of 140x90cm. The bathroom has a spacious shower (and washing machine) and the kitchen is equipped with dishwasher, among other things. The apartment is perfect for a couples, but also for friends visiting Amsterdam:) The balcony has sun all afternoon. It is located in a fairly quiet neighborhood with a large supermarket within walking distance. There are also many nice restaurants and cafes on Walking distance.",,https://a0.muscache.com/pictures/302faa17-d6fa-45b7-9382-6beb17f0f6e4.jpg,23264176,https://www.airbnb.com/users/show/23264176,Pim,2014-11-02,"Amsterdam, Netherlands","Living in Amsterdam, love to snowboard, cook, eat and drink wine/beer! ",N/A,N/A,N/A,f,https://a0.muscache.com/im/pictures/user/6a592319-1731-410e-bdcb-e2dd09de8528.jpg?aki_policy=profile_small,https://a0.muscache.com/im/pictures/user/6a592319-1731-410e-bdcb-e2dd09de8528.jpg?aki_policy=profile_x_medium,,1,1,"['email', 'phone']",t,t,,De Baarsjes - Oud-West,,52.37331,4.8575,Entire rental unit,Entire home/apt,4,,1 bath,2,,"[""Dishes and silverware"", ""Smoke alarm"", ""Hangers"", ""Essentials"", ""Washer"", ""Heating"", ""TV"", ""Dedicated workspace"", ""Patio or balcony"", ""Cooking basics"", ""Shampoo"", ""Wifi"", ""Private entrance"", ""Kitchen"", ""Hot water""]",,3,365,3,3,365,365,3.0,365.0,,t,0,0,0,0,2024-09-06,7,0,0,2021-07-16,2022-04-16,4.43,4.71,4.86,4.57,4.43,4.57,4.43,0363 DC0B EA37 B8E6 E725,f,1,1,0,0,0.18
42910448,https://www.airbnb.com/rooms/42910448,20240905174946,2024-09-06,previous scrape,Appartement centrum Amsterdam,This centrally located accommodation is tastefully furnished. In the center of Amsterdam next to the Vondelpark and within walking distance of the Leidseplein and the Jordaan and de Pijp.,,https://a0.muscache.com/pictures/miso/Hosting-42910448/original/9560226f-36b5-41a3-969b-5396188c0b02.jpeg,264906709,https://www.airbnb.com/users/show/264906709,Lucas,2019-05-29,"Amsterdam, Netherlands","",N/A,N/A,N/A,f,https://a0.muscache.com/im/pictures/user/2073cac4-0200-451a-abfe-1f18ffc1e905.jpg?aki_policy=profile_small,https://a0.muscache.com/im/pictures/user/2073cac4-0200-451a-abfe-1f18ffc1e905.jpg?aki_policy=profile_x_medium,,1,1,"['email', 'phone']",t,t,,Zuid,,52.35349,4.86677,Entire rental unit,Entire home/apt,2,,1 bath,1,,"[""Paid parking on premises"", ""Smoke alarm"", ""Hangers"", ""Essentials"", ""Iron"", ""Washer"", ""Heating"", ""TV"", ""Hair dryer"", ""Shampoo"", ""Wifi"", ""Private entrance"", ""Kitchen""]",,5,365,5,5,365,365,5.0,365.0,,t,6,36,66,341,2024-09-06,0,0,0,,,,,,,,,,0363D5F1F56651C23FA7,f,1,1,0,0,
8776772,https://www.airbnb.com/rooms/8776772,20240905174946,2024-09-05,previous scrape,Dream Houseboat on Amazing Canal,"Luxurious houseboat (100m2 + outside deck) in a breathtaking spot right in the middle of the old city of A'dam. With unequalled views. Bright, spacious & private house, floating in comfort and joy. Peaceful like an oasis, central as a beating heart.","We are in the middle of the centre, yet so quiet and peaceful. Just walk through the alley and you find yourself in the middle of vibrating Amsterdam.<br /><br />The hot spots of Amsterdam, including the popular Waterlooplein flea market, the Opera House, the Red Light District , China Town, Dam Square and Rembrandt Square are all within very short walking distances. <br /><br />Directly around the corner is the charming Zeedijk. This is the old Dutch sailing quarter with its typical Dutch cafes and breweries, topped up by influences from the journeys to the far East; full of exotic restaurants and shops. The vibrant Nieuwmarkt is perhaps the liveliest square in the city, with the beautiful old building in the middle, that used to serve as a place for weighing goods after having been offloaded from the ships. The Oude Waal area shows the history of Amsterdam with its nautical character, where it all started out in a remote past. <br /><br />Crossing the alley you will find yourself in ",https://a0.muscache.com/pictures/111237323/642db6ad_original.jpg,45917375,https://www.airbnb.com/users/show/45917375,Marloes,2015-10-06,"Amsterdam, Netherlands","",N/A,N/A,N/A,f,https://a0.muscache.com/im/users/45917375/profile_pic/1444249431/original.jpg?aki_policy=profile_small,https://a0.muscache.com/im/users/45917375/profile_pic/1444249431/original.jpg?aki_policy=profile_x_medium,Nieuwmarkt en Lastage,1,2,"['email', 'phone']",t,t,"Amsterdam, Noord-Holland, Netherlands",Centrum-Oost,,52.37445,4.90541,Boat,Entire home/apt,4,,1.5 baths,2,,"[""Dishes and silverware"", ""Outlet covers"", ""Smoking allowed"", ""Washer"", ""Coffee maker"", ""Patio or balcony"", ""Paid parking off premises"", ""Cooking basics"", ""BBQ grill"", ""TV with standard cable"", ""Hot water"", ""Pocket wifi"", ""Waterfront"", ""Smoke alarm"", ""Stove"", ""Iron"", ""Ethernet connection"", ""Microwave"", ""Refrigerator"", ""Canal view"", ""Bathtub"", ""Extra pillows and blankets"", ""Single level home"", ""Oven"", ""Luggage dropoff allowed"", ""Hair dryer"", ""Wifi"", ""Dishwasher"", ""Hangers"", ""Essentials"", ""Heating"", ""Long term stays allowed"", ""Shampoo"", ""Fire extinguisher"", ""Private entrance"", ""Kitchen"", ""Bed linens""]",,6,1125,6,6,1125,1125,6.0,1125.0,,t,0,0,0,0,2024-09-05,16,0,0,2015-10-18,2022-01-16,4.81,4.88,4.81,5.0,5.0,5.0,4.56,0363 7242 D118 A714 2E2B,f,1,1,0,0,0.15
9345544,https://www.airbnb.com/rooms/9345544,20240905174946,2024-09-05,previous scrape,Cosy apartment in lovely East,"This apartment is situated in the Vrolikstraat, which means ´Happy Street´. Enjoy the local experience of the East neighbourhood, close to the city centre. The East side is a lovely area full of life, nice bars, shops and restaurants.","Living in the East area for quite a few years, I can say that I love my neighboorhood. The neighboorhood is lively, but my street and apartment is very quiet, which is great! There are so many bars and restaurants to discover, a weekend will not be enough to try them all :-). Just a few highlights.  The 'Beukenplein' is just a 3 minute walk where you'll find a local bar/restaurant called Maxwell , they have nice food  and you are welcome all day for food or just drinks. Thai Coon is a very good Thai restaurant where you can sit in but take away as well. But there is plenty more at the Beukenplein, just pick what you like or have stroll through the park 'Oosterpark' which is very closeby as well. <br />Another street which I love is 'Javastreet'. It is a nice mix of cultures and very hip and happening at the moment. Great shops and bars and restaurants. You can eat lovely fish at Fyrre, a glass of wine at Gallizia or have a great meal in a proper restaurant ""Wilde Zwijnen'. Just make su",https://a0.muscache.com/pictures/miso/Hosting-9345544/original/a58f7aab-fbd5-4a0a-b641-264b1c4071f3.jpeg,35889746,https://www.airbnb.com/users/show/35889746,Marieke,2015-06-15,"Amsterdam, Netherlands","",within a few hours,100%,100%,f,https://a0.muscache.com/im/pictures/user/User-35889746/original/5915331f-be13-4182-8953-5d7277187824.jpeg?aki_policy=profile_small,https://a0.muscache.com/im/pictures/user/User-35889746/original/5915331f-be13-4182-8953-5d7277187824.jpeg?aki_policy=profile_x_medium,,1,2,"['email', 'phone']",t,t,"Amsterdam, Noord-Holland, Netherlands",Oud-Oost,,52.35705,4.92398,Entire rental unit,Entire home/apt,2,,1 bath,1,,"[""Dishes and silverware"", ""Shower gel"", ""Body soap"", ""Private patio or balcony"", ""Cooking basics"", ""Hot water"", ""Smoke alarm"", ""Cleaning products"", ""Clothing storage: dresser"", ""Wifi"", ""Dishwasher"", ""Dining table"", ""Essentials"", ""Books and reading material"", ""Heating"", ""TV"", ""Freezer"", ""Shampoo"", ""Kitchen"", ""Bed linens""]",,7,10,7,7,10,10,7.0,10.0,,t,6,7,7,7,2024-09-05,43,5,1,2015-12-06,2024-08-10,4.98,5.0,5.0,4.95,4.98,4.7,4.81,0363 4A3F BD28 A409 8860,f,1,1,0,0,0.40
7981030,https://www.airbnb.com/rooms/7981030,20240905174946,2024-09-05,previous scrape,Luxury ground floor apartment with garden!,"Me and my wife have everything you could possibly need during your stay at our new appartment with very luxurious atmosphere! Busstop, tramstop, supermarket, food take away, bike rental, wifi.. you name it and we have it around here :)<br />Besides the double  bed we have a 1 pers bed and a toddlers bed.",,https://a0.muscache.com/pictures/4df24134-3e43-4f11-9f1b-a11facb18511.jpg,42123074,https://www.airbnb.com/users/show/42123074,Peter,2015-08-21,"Amsterdam, Netherlands",I would like to see myself as a fun loving person who loves to travel and meet new people and get to know other cultures and different ways of living :)  ,within an hour,100%,100%,f,https://a0.muscache.com/im/pictures/user/43ee9072-e064-493e-bd75-3211c253a777.jpg?aki_policy=profile_small,https://a0.muscache.com/im/pictures/user/43ee9072-e064-493e-bd75-3211c253a777.jpg?aki_policy=profile_x_medium,,1,1,"['email', 'phone', 'work_email']",t,t,,Bos en Lommer,,52.3766,4.86164,Entire condo,Entire home/apt,3,,1 bath,2,,"[""Dishes and silverware"", ""Bidet"", ""Washer"", ""Kitchen"", ""Cooking basics"", ""Carbon monoxide alarm"", ""TV with standard cable"", ""Smoke alarm"", ""Stove"", ""Lockbox"", ""Microwave"", ""Refrigerator"", ""Crib"", ""Oven"", ""Hair dryer"", ""Children\u2019s books and toys"", ""Indoor fireplace"", ""Self check-in"", ""Wifi"", ""Dryer"", ""Dishwasher"", ""Essentials"", ""Backyard"", ""Heating"", ""Pack \u2019n play/Travel crib"", ""First aid kit"", ""Shampoo"", ""High chair""]",,5,15,5,5,1125,1125,5.0,1125.0,,t,0,0,0,0,2024-09-05,60,4,0,2015-09-27,2024-08-05,4.87,4.88,4.9,4.93,4.92,4.64,4.78,03631D3A0E06ED29017F,f,1,1,0,0,0.55
20120542,https://www.airbnb.com/rooms/20120542,20240905174946,2024-09-06,previous scrape,Relax & Enjoy apartment in bustling Amsterdam West,★Modern Apartment<br />★Fully equiped kitchen<br />★Quiet Location<br />★Free Wi-Fi<br />★Great Price/Quality ratio<br />★Balcony,"Dynamic during the day and more quiet during the night, Amsetrdam-West is the perfect neighbourhood for guests that would like to experience the fast-paced life of Amsterdamers, while still being able to enjoy a quiet night sleep.  If you would like to do groceries, there is an Albert Heijn supermarket , located on 300meters from your apartment. In case you do not feel like cooking, there is a high variety of national and international restaurants nearby that would gladly offer you their unique coulinary experiences. The property is located in de Baarsjes, you’ll be on the frontier. Despite its being only minutes from Vondelpark, this is a neighbourhood that’s spending a lot of time and energy in developing its cultural and creative community with all the fun stores and bars to match.  Be sure to make time to visit the famous Rembrandt park and enjoy the beauty of Amserdam's nature at first hand.  The city center, alongside with all of its bars, restauratns, shops and tourist sights ar",https://a0.muscache.com/pictures/6b2b6deb-1574-4b05-8a52-fe4adfa3c06b.jpg,8984963,https://www.airbnb.com/users/show/8984963,Justin,2013-09-22,"Amsterdam, Netherlands","",N/A,N/A,N/A,f,https://a0.muscache.com/im/pictures/user/2e06b1af-dd6d-4022-9321-87870cb8f92a.jpg?aki_policy=profile_small,https://a0.muscache.com/im/pictures/user/2e06b1af-dd6d-4022-9321-87870cb8f92a.jpg?aki_policy=profile_x_medium,Oud-West,1,1,"['email', 'phone']",t,f,"Amsterdam, Noord-Holland, Netherlands",De Baarsjes - Oud-West,,52.37033,4.84936,Entire rental unit,Entire home/apt,2,,1 bath,1,,"[""Dishes and silverware"", ""Washer"", ""Coffee maker"", ""Patio or balcony"", ""Carbon monoxide alarm"", ""Smoke alarm"", ""Stove"", ""Iron"", ""Window guards"", ""Refrigerator"", ""Crib"", ""Bathtub"", ""Oven"", ""Hair dryer"", ""Wifi"", ""Dryer"", ""Hangers"", ""Essentials"", ""Heating"", ""TV"", ""Pack \u2019n play/Travel crib"", ""Long term stays allowed"", ""Fire extinguisher"", ""Kitchen"", ""Bed linens""]",,2,365,2,2,365,365,2.0,365.0,,,0,0,0,0,2024-09-06,28,0,0,2017-08-07,2022-07-04,4.89,4.89,4.75,4.93,4.93,4.64,4.71,0363 C641 D798 5668 D145,f,1,1,0,0,0.32
21822487,https://www.airbnb.com/rooms/21822487,20240905174946,2024-09-06,previous scrape,Unique house with garden in the city center,"Unique and comfy house with private garden in the best area of Amsterdam!<br /><br />Small street with special little houses in Amsterdam West, one of the most attractive area's in the city. A lot of bars, restaurants and other things to do in the neighborhood, like the great foodhallen. <br /><br />Only 5 min by bike or tram to the city center, and enjoy the beautiful canals and museum's. <br /><br />The house is just renovated and offers you everything you want. If you have any questions, please contact me.",,https://a0.muscache.com/pictures/603ef184-681e-491f-9cdf-4387503594cd.jpg,8829997,https://www.airbnb.com/users/show/8829997,Bart,2013-09-14,"Amsterdam, Netherlands","",N/A,N/A,38%,f,https://a0.muscache.com/im/users/8829997/profile_pic/1404247960/original.jpg?aki_policy=profile_small,https://a0.muscache.com/im/users/8829997/profile_pic/1404247960/original.jpg?aki_policy=profile_x_medium,Oud-West,1,1,"['email', 'phone']",t,t,,De Baarsjes - Oud-West,,52.36946,4.86441,Entire townhouse,Entire home/apt,2,,1.5 baths,1,,"[""Smoke alarm"", ""Hangers"", ""Essentials"", ""Iron"", ""Backyard"", ""Washer"", ""Heating"", ""TV"", ""Coffee maker"", ""Refrigerator"", ""Carbon monoxide alarm"", ""Wifi"", ""Private entrance"", ""Kitchen"", ""Dryer""]",,4,14,4,4,14,14,4.0,14.0,,t,0,0,0,0,2024-09-06,20,2,0,2018-03-28,2023-10-18,5.0,4.95,4.85,5.0,5.0,4.95,4.7,0363 9C25 CA33 587D 5FF6,f,1,1,0,0,0.25
50666229,https://www.airbnb.com/rooms/50666229,20240905174946,2024-09-05,city scrape,Private loft next @Vondelpark with PRIVATE parking,"Vintage & private loft centrally situated in the heart of Amsterdam, next to the famous Vondelpark, Museumplein, Leidseplein and Foodhallen. Consists of 2 separate bedrooms, sleeps 4 persons total, of which one can be made as double room. A bright spacious living room, bathroom and a basic pantry ( no stove), all private! Perfect for two couples or a family interested in Culture. Friendly host who is happy to share his secret city spots.","Close to the Vondelpark, typical dutch houses, nice ambiance, friendly neighbors. Lots of nice restaurants, pubs and local stores & markets. All the museums, restaurants and terraces are open again. <br /><br />If you are looking for more tranquil options, you could visit the little fisherman villages like Volendam and Edam. Maybe a round of golf in the area and have beautiful walks or bike rides.<br /><br />My home is also near to the highway and a great location to venture into all areas around Amsterdam. Visit Utrecht, The Hague, Delft or Den Bosch beautiful historical cities, ALL within 1hr.<br /><br />Or for the kids there are many attractions around aswell, beach, sailing, horse riding, attractionpark Duinrell, Legoland Discovery Centre, all within 1hr.",https://a0.muscache.com/pictures/0d2bf27d-0f44-4f87-896e-c8e93ebbd8ac.jpg,400851790,https://www.airbnb.com/users/show/400851790,Roel,2021-05-10,"Amsterdam, Netherlands","Hi, I'm Roel and i love Amsterdam. I want to share everything about this beautiful city with you (if you want of of course)",within an hour,100%,100%,t,https://a0.muscache.com/im/pictures/user/df39280b-7e49-45ba-9cff-ab4259fb13ef.jpg?aki_policy=profile_small,https://a0.muscache.com/im/pictures/user/df39280b-7e49-45ba-9cff-ab4259fb13ef.jpg?aki_policy=profile_x_medium,,2,2,"['email', 'phone']",t,t,"Amsterdam, Noord-Holland, Netherlands",De Baarsjes - Oud-West,,52.35945194684348,4.861792612512684,Private room in bed and breakfast,Private room,4,1.0,1 private bath,2,5,"[""Dishes and silverware"", ""Fast wifi \u2013 98 Mbps"", ""Toaster"", ""Shower gel"", ""Coffee"", ""Kitchenette"", ""Body soap"", ""Private living room"", ""Portable fans"", ""Dedicated workspace"", ""Cooking basics"", ""Carbon monoxide alarm"", ""First aid kit"", ""Hot water"", ""Waterfront"", ""Smoke alarm"", ""Iron"", ""Cleaning products"", ""Clothing storage: closet"", ""Mini fridge"", ""32 inch HDTV with Amazon Prime Video, Netflix"", ""Paid parking garage on premises \u2013 1 space"", ""Refrigerator"", ""Crib"", ""Wine glasses"", ""Bathtub"", ""Extra pillows and blankets"", ""Lock on bedroom door"", ""Coffee maker: Nespresso"", ""Host greets you"", ""Park view"", ""Luggage dropoff allowed"", ""Hair dryer"", ""EV charger"", ""Conditioner"", ""Dishwasher"", ""Hot water kettle"", ""Folding or convertible high chair - always at the listing"", ""Hangers"", ""Dining table"", ""Essentials"", ""Heating"", ""Courtyard view"", ""Long term stays allowed"", ""Freezer"", ""Laundromat nearby"", ""Room-darkening shades"", ""Shampoo"", ""Fire extinguisher"", ""Private entrance"", ""Bed linens""]",$254.00,4,365,2,4,365,365,4.0,365.0,,t,1,9,35,275,2024-09-05,165,65,6,2021-08-01,2024-08-29,4.92,4.87,4.85,4.99,4.98,4.93,4.62,0363 F563 A65B 6D7E 73DB,t,2,0,2,0,4.37
933523,https://www.airbnb.com/rooms/933523,20240905174946,2024-09-05,city scrape,Ecoluxe accommodation 'The Green Tunnel',"Spacious, ground level private ecoluxe two-room accommodation with sweeping views across the water and with bathroom and pantry. Including a charming lush waterside garden and floating terrace with lawn chairs. Your private jetty provides direct access to the natural swimming water. Free parking. Explore new city district IJburg with striking architecture, bustling harbor, many restaurants and shops and a splendid park. The tram around the corner brings you downtown Amsterdam in 15 minutes.","The accommodation is situated at a canal in Amsterdam-IJburg. This new Amsterdam urban district in is situated on specially constructed islands in 'IJmeer', a lake on the eastern side of Amsterdam, only 15 minutes away from downtown (by tram). <br />It is one of the largest new developments in the Amsterdam area, with a current population of 20,000. Many tourists who love the combination of fresh and inspiring architecture, water recreation possibilities, beach, nature, good restaurants & hip shops and the bustling marina already discovered IJburg. Discover this new urban district too! <br />The shopping center with a variety of local shops and restaurants is a 2 minutes walk, the park is a 5 minutes walk and the bustling marine with many restaurants and bars is a 10 minutes walk. <br />Experience also nature on and around IJburg. Since the construction of the residential islands – about 20 years ago – nature has been developed. On IJburg and the areas around it you will find a park (5",https://a0.muscache.com/pictures/17529938/b8c4b982_original.jpg,5033331,https://www.airbnb.com/users/show/5033331,Dianne,2013-02-10,"Amsterdam, Netherlands","I have a passion for a sustainable Lifestyle. I love Amsterdam, my hometown city, and I love traveling. 
",within an hour,100%,97%,t,https://a0.muscache.com/im/pictures/user/82dae6db-5335-4221-9def-e7865895fa9b.jpg?aki_policy=profile_small,https://a0.muscache.com/im/pictures/user/82dae6db-5335-4221-9def-e7865895fa9b.jpg?aki_policy=profile_x_medium,Oost,1,2,"['email', 'phone']",t,t,"Amsterdam, North Holland, Netherlands",IJburg - Zeeburgereiland,,52.356197,4.991435,Private room in guesthouse,Private room,4,1.5,1.5 baths,2,2,"[""Dishes and silverware"", ""Toaster"", ""Shower gel"", ""Garden view"", ""Barbecue utensils"", ""Boat slip"", ""Private backyard \u2013 Fully fenced"", ""Central heating"", ""Free driveway parking on premises \u2013 1 space"", ""Children\u2019s books and toys for ages 0-2 years old, 2-5 years old, 5-10 years old, and 10+ years old"", ""Babysitter recommendations"", ""Dedicated workspace"", ""Kitchen"", ""Coffee maker: Keurig coffee machine, pour-over coffee"", ""Private patio or balcony"", ""Outdoor furniture"", ""Carbon monoxide alarm"", ""TV with standard cable"", ""Hot water"", ""Stainless steel oven"", ""Organic soap body soap"", ""Waterfront"", ""Smoke alarm"", ""Iron"", ""Cleaning products"", ""Mini fridge"", ""Microwave"", ""Refrigerator"", ""Canal view"", ""Crib"", ""Wine glasses"", ""Lake access"", ""Extra pillows and blankets"", ""Single level home"", ""Organic shampoo shampoo"", ""Clothing storage: closet and wardrobe"", ""Host greets you"", ""Beach access \u2013 Beachfront"", ""Luggage dropoff allowed"", ""Hair dryer"", ""EV charger"", ""Wifi"", ""Hot water kettle"", ""Hangers"", ""Dining table"", ""Essentials"", ""Children\u2019s dinnerware"", ""Harbor view"", ""Pack \u2019n play/Travel crib"", ""Board games"", ""Long term stays allowed"", ""Outdoor dining area"", ""River view"", ""Room-darkening shades"", ""Fire extinguisher"", ""Private entrance"", ""High chair"", ""Bed linens""]",$203.00,3,30,2,4,30,30,3.0,30.0,,t,6,10,10,10,2024-09-05,140,42,2,2014-05-06,2024-08-29,4.92,4.84,4.93,4.97,4.99,4.91,4.74,0363 3DAD 7A1B DD57 EB0F,f,1,0,1,0,1.11
1172323919522255228,https://www.airbnb.com/rooms/1172323919522255228,20240905174946,2024-09-05,city scrape,Appartment in centre with jacuzzi,Ideal for a family and is equipped with all the necessary luxury. The apartment is 50 meters from the beautiful Rembrandtpark and is also very conveniently located there in addition to the center.,,https://a0.muscache.com/pictures/hosting/Hosting-1172323919522255228/original/5e137702-1cbd-4d7c-ac27-899d6863327f.jpeg,139254470,https://www.airbnb.com/users/show/139254470,Kenny,2017-07-08,,"",N/A,N/A,N/A,f,https://a0.muscache.com/im/pictures/user/d0493ce6-0119-4370-a977-02d95139d6ca.jpg?aki_policy=profile_small,https://a0.muscache.com/im/pictures/user/d0493ce6-0119-4370-a977-02d95139d6ca.jpg?aki_policy=profile_x_medium,,5,5,"['email', 'phone']",t,t,,De Baarsjes - Oud-West,,52.36766385850816,4.85135729209804,Entire loft,Entire home/apt,4,2.0,2 baths,2,2,"[""Paid parking on premises"", ""Smoke alarm"", ""Lockbox"", ""Washer"", ""TV"", ""Hot tub"", ""Outdoor dining area"", ""Self check-in"", ""First aid kit"", ""Wifi"", ""Fire extinguisher"", ""Kitchen""]",$375.00,3,365,3,3,365,365,3.0,365.0,,t,4,29,59,60,2024-09-05,0,0,0,,,,,,,,,,0363 0895 76B4 D8AA F935,f,1,1,0,0,
656222143862971193,https://www.airbnb.com/rooms/656222143862971193,20240905174946,2024-09-05,city scrape,Amazing apartment canal view and private terrace!,Great place to stay in the middle of the city centre. Close to the Ann Frank house and with a view on the canals. Super luxury apartment with a private brand-new sunny terrace!,,https://a0.muscache.com/pictures/miso/Hosting-656222143862971193/original/cd7865d6-adf5-477d-801b-b17adb09141b.jpeg,39308954,https://www.airbnb.com/users/show/39308954,Ernst,2015-07-23,"Amsterdam, Netherlands","Hi, take a look at the pictures and read the description - and feel free to get in touch if you have questions or want to book. I look forward to hearing from you!",within a few hours,100%,100%,f,https://a0.muscache.com/im/pictures/user/495bfbac-c617-46fc-8b44-056ec6f73c92.jpg?aki_policy=profile_small,https://a0.muscache.com/im/pictures/user/495bfbac-c617-46fc-8b44-056ec6f73c92.jpg?aki_policy=profile_x_medium,,1,1,"['email', 'phone']",t,t,,Centrum-West,,52.3724219,4.882609299999999,Entire condo,Entire home/apt,2,1.0,1 bath,1,1,"[""Dishes and silverware"", ""Toaster"", ""Shower gel"", ""Coffee"", ""Free washer \u2013 In unit"", ""Barbecue utensils"", ""Body soap"", ""Central heating"", ""Portable fans"", ""Dedicated workspace"", ""Private patio or balcony"", ""Outdoor furniture"", ""Cooking basics"", ""Carbon monoxide alarm"", ""Hot water"", ""Stainless steel oven"", ""Smoke alarm"", ""Iron"", ""Cleaning products"", ""Blender"", ""Ethernet connection"", ""Microwave"", ""Refrigerator"", ""Canal view"", ""Wine glasses"", ""Coffee maker: Nespresso"", ""51 inch HDTV with Netflix, premium cable, standard cable"", ""Paid street parking off premises"", ""Boretti stainless steel gas stove"", ""Bluetooth sound system"", ""Free dryer \u2013 In unit"", ""Hair dryer"", ""Conditioner"", ""Wifi"", ""Dishwasher"", ""Hot water kettle"", ""Clothing storage: wardrobe"", ""Hangers"", ""Dining table"", ""Essentials"", ""Private BBQ grill: gas"", ""Board games"", ""Outdoor dining area"", ""Freezer"", ""Laundromat nearby"", ""First aid kit"", ""Shampoo"", ""Fire extinguisher"", ""Private entrance"", ""Kitchen"", ""Bed linens"", ""Baking sheet""]",$599.00,3,10,2,2,10,10,2.0,10.0,,t,0,0,0,247,2024-09-05,14,6,0,2022-08-17,2024-07-03,4.93,4.86,4.86,5.0,5.0,4.93,4.71,0363 BE9D 81B8 53B5 4C65,f,1,1,0,0,0.56